<?xml version="1.0" encoding="UTF-8" ?> 
 
<!DOCTYPE mapper
PUBLIC "-//mybatis.org//DTD Mapper 3.0//EN"
"http://mybatis.org/dtd/mybatis-3-mapper.dtd">
 
<mapper namespace="com.study.contents.ReplyMapper">

	<insert id="create" parameterType="com.study.contents.ReplyDTO">
	 insert into review(contents, regdate, id, contentsno)
    values(#{contents}, sysdate(), #{id}, #{contentsno}) 
	</insert>

	<delete id="delete" parameterType="int">
	delete from review
	where rnum = #{rnum}
	</delete>

	<select id="list" parameterType="Map" resultType="com.study.contents.ReplyDTO">
 
    select rnum, contents, regdate, id, contentsno
    from review
    where contentsno = #{contentsno}
    order by rnum DESC
    limit #{sno}, #{eno}
 	
 	</select>
	
	<select id="read" parameterType="int" resultType="com.study.contents.ReplyDTO">
	
	select * from review
	where rnum=#{rnum};
	
	</select>
	
	<select id="total" resultType="int" parameterType="int">
    
    select count(*) from review
    where contentsno=#{contentsno}
	
	</select>
	
	<update id="update" parameterType="com.study.contents.ReplyDTO">
	
	update review
	set contents = #{contents}
	where rnum = #{rnum}
	
	</update>
	
</mapper>